event_id,true_class,true_count,true_class_name,pred_class_yolo,conf_score_yolo,pred_count_yolo,pred_class_name_yolo
SSWI000000004032002,"Fox, Gray",1,foxgray_foxred,Blank,0.0,0,blank
SSWI000000004068822,"Fox, Gray",1,foxgray_foxred,Blank,0.0,0,blank
SSWI000000004248668,Raccoon,1,raccoon,Blank,0.0,0,blank
SSWI000000004277676,"Fox, Gray",1,foxgray_foxred,Blank,0.0,0,blank
SSWI000000004277809,"Fox, Gray",1,foxgray_foxred,1,0.4558134973049164,1,cottontail_snowshoehare
SSWI000000004316028,"Fox, Red",1,foxgray_foxred,Blank,0.0,0,blank
SSWI000000004316466,"Fox, Red",1,foxgray_foxred,Blank,0.0,0,blank
SSWI000000004332536,Raccoon,1,raccoon,Blank,0.0,0,blank
SSWI000000004395445,Coyote,1,coyote,Blank,0.0,0,blank
SSWI000000004418314,Raccoon,1,raccoon,Blank,0.0,0,blank
SSWI000000004418924,"Fox, Red",1,foxgray_foxred,Blank,0.0,0,blank
SSWI000000004560363,Wolf,1,wolf,Blank,0.0,0,blank
SSWI000000004585392,"Fox, Red",1,foxgray_foxred,1,0.3805620074272156,1,cottontail_snowshoehare
SSWI000000004646393,Raccoon,1,raccoon,Blank,0.0,0,blank
SSWI000000004655744,Wolf,3,wolf,Blank,0.0,0,blank
SSWI000000004770299,Raccoon,1,raccoon,7,0.5374360084533691,1,raccoon
SSWI000000004834678,Raccoon,1,raccoon,Blank,0.0,0,blank
SSWI000000004953562,Wolf,1,wolf,3,0.36092567443847656,1,deer
SSWI000000005067646,Wolf,1,wolf,Blank,0.0,0,blank
SSWI000000005210755,Deer,1,deer,3,0.324524462223053,1,deer
SSWI000000005249537,Raccoon,1,raccoon,7,0.5475077033042908,1,raccoon
SSWI000000005446478,Elk,1,elk,4,0.26022014021873474,1,elk
SSWI000000005446574,Elk,1,elk,4,0.27652764320373535,1,elk
SSWI000000005534323,Cottontail,1,cottontail_snowshoehare,1,0.3096488118171692,1,cottontail_snowshoehare
SSWI000000005534451,Cottontail,1,cottontail_snowshoehare,Blank,0.0,0,blank
SSWI000000005770532,Turkey,1,turkey,Blank,0.0,0,blank
SSWI000000006105885,Raccoon,3,raccoon,Blank,0.0,0,blank
SSWI000000006317506,Raccoon,1,raccoon,Blank,0.0,0,blank
SSWI000000006334223,Opossum,1,opossum,Blank,0.0,0,blank
SSWI000000006348716,Raccoon,1,raccoon,Blank,0.0,0,blank
SSWI000000006448362,Raccoon,1,raccoon,Blank,0.0,0,blank
SSWI000000006487171,Raccoon,1,raccoon,7,0.5927716493606567,1,raccoon
SSWI000000006489319,Elk,2,elk,4,0.5574537515640259,1,elk
SSWI000000006563329,Raccoon,1,raccoon,Blank,0.0,0,blank
SSWI000000006772893,Snowshoe Hare,1,cottontail_snowshoehare,Blank,0.0,0,blank
SSWI000000006775933,Elk,1,elk,3,0.41015222668647766,1,deer
SSWI000000006776015,Elk,1,elk,4,0.768867552280426,1,elk
SSWI000000006823389,Opossum,1,opossum,Blank,0.0,0,blank
SSWI000000007147330,Elk,1,elk,4,0.5561851859092712,1,elk
SSWI000000007439898,Elk,1,elk,Blank,0.0,0,blank
SSWI000000007464347,Turkey,1,turkey,Blank,0.0,0,blank
SSWI000000007495502,Raccoon,1,raccoon,7,0.4458323121070862,1,raccoon
SSWI000000007557811,Opossum,1,opossum,Blank,0.0,0,blank
SSWI000000007936105,Wolf,1,wolf,Blank,0.0,0,blank
SSWI000000007958189,Opossum,1,opossum,Blank,0.0,0,blank
SSWI000000007972320,Wolf,1,wolf,Blank,0.0,0,blank
SSWI000000008027657,Wolf,1,wolf,Blank,0.0,0,blank
SSWI000000008123783,Raccoon,1,raccoon,Blank,0.0,0,blank
SSWI000000008180958,Elk,1,elk,3,0.35140180587768555,2,deer
SSWI000000008280447,Elk,2,elk,4,0.2769736349582672,1,elk
SSWI000000008485941,Raccoon,1,raccoon,Blank,0.0,0,blank
SSWI000000008485947,Raccoon,1,raccoon,Blank,0.0,0,blank
SSWI000000008485973,Raccoon,1,raccoon,Blank,0.0,0,blank
SSWI000000008486016,Raccoon,1,raccoon,Blank,0.0,0,blank
SSWI000000008546345,Wolf,1,wolf,Blank,0.0,0,blank
SSWI000000008568979,Snowshoe Hare,1,cottontail_snowshoehare,Blank,0.0,0,blank
SSWI000000008694072,"Fox, Gray",1,foxgray_foxred,Blank,0.0,0,blank
SSWI000000008716715,Turkey,1,turkey,Blank,0.0,0,blank
SSWI000000008743500,Raccoon,1,raccoon,Blank,0.0,0,blank
SSWI000000008866365,Raccoon,1,raccoon,Blank,0.0,0,blank
SSWI000000008964107,"Fox, Red",1,foxgray_foxred,Blank,0.0,0,blank
SSWI000000009186402,Opossum,1,opossum,Blank,0.0,0,blank
SSWI000000009219004,Opossum,1,opossum,Blank,0.0,0,blank
SSWI000000009231455,Opossum,1,opossum,Blank,0.0,0,blank
SSWI000000009316657,Raccoon,1,raccoon,7,0.514813244342804,1,raccoon
SSWI000000009427281,Snowshoe Hare,1,cottontail_snowshoehare,Blank,0.0,0,blank
SSWI000000009432425,Elk,1,elk,4,0.604823648929596,2,elk
SSWI000000009432432,Elk,1,elk,4,0.5467495918273926,1,elk
SSWI000000009432450,Elk,1,elk,4,0.4717598259449005,1,elk
SSWI000000009432461,Elk,1,elk,4,0.44402632117271423,1,elk
SSWI000000009432559,Elk,1,elk,4,0.586047351360321,2,elk
SSWI000000009432642,Elk,2,elk,4,0.256492555141449,2,elk
SSWI000000009432765,Elk,1,elk,3,0.6928804516792297,2,deer
SSWI000000009453182,Raccoon,1,raccoon,7,0.5448446869850159,1,raccoon
SSWI000000009533882,Opossum,1,opossum,Blank,0.0,0,blank
SSWI000000009571231,Raccoon,2,raccoon,7,0.41753700375556946,1,raccoon
SSWI000000009639053,Raccoon,1,raccoon,Blank,0.0,0,blank
SSWI000000009663915,Opossum,1,opossum,Blank,0.0,0,blank
SSWI000000009759896,Raccoon,1,raccoon,3,0.36387190222740173,1,deer
SSWI000000010032428,Opossum,1,opossum,1,0.30134105682373047,1,cottontail_snowshoehare
SSWI000000010032546,Opossum,1,opossum,Blank,0.0,0,blank
SSWI000000010298488,Opossum,1,opossum,7,0.4053542912006378,1,raccoon
SSWI000000010298519,Raccoon,1,raccoon,Blank,0.0,0,blank
SSWI000000010351020,Wolf,1,wolf,Blank,0.0,0,blank
SSWI000000010374891,Wolf,1,wolf,Blank,0.0,0,blank
SSWI000000010459289,Raccoon,1,raccoon,Blank,0.0,0,blank
SSWI000000010488496,Turkey,2,turkey,Blank,0.0,0,blank
SSWI000000010544104,Opossum,1,opossum,Blank,0.0,0,blank
SSWI000000010638015,Opossum,1,opossum,Blank,0.0,0,blank
SSWI000000010710491,Opossum,1,opossum,Blank,0.0,0,blank
SSWI000000010713826,Raccoon,1,raccoon,Blank,0.0,0,blank
SSWI000000010724143,Elk,1,elk,4,0.5213958621025085,1,elk
SSWI000000010724147,Elk,1,elk,3,0.29180097579956055,1,deer
SSWI000000010746024,Wolf,1,wolf,Blank,0.0,0,blank
SSWI000000010753413,Raccoon,1,raccoon,7,0.45105838775634766,1,raccoon
SSWI000000010756470,Turkey,1,turkey,Blank,0.0,0,blank
SSWI000000010827655,Cottontail,1,cottontail_snowshoehare,Blank,0.0,0,blank
SSWI000000010853406,Wolf,1,wolf,0,0.4170243442058563,1,bear
SSWI000000010889698,"Fox, Gray",1,foxgray_foxred,Blank,0.0,0,blank
SSWI000000010891278,"Fox, Red",1,foxgray_foxred,Blank,0.0,0,blank
SSWI000000010913332,Cottontail,1,cottontail_snowshoehare,1,0.3178101181983948,1,cottontail_snowshoehare
SSWI000000011020823,Elk,1,elk,Blank,0.0,0,blank
SSWI000000011020834,Elk,2,elk,Blank,0.0,0,blank
SSWI000000011042114,Deer,1,deer,Blank,0.0,0,blank
SSWI000000011171809,Wolf,1,wolf,Blank,0.0,0,blank
SSWI000000011223626,Wolf,1,wolf,Blank,0.0,0,blank
SSWI000000011273044,Raccoon,1,raccoon,Blank,0.0,0,blank
SSWI000000011324998,Turkey,1,turkey,Blank,0.0,0,blank
SSWI000000011402756,Cottontail,1,cottontail_snowshoehare,1,0.31102535128593445,1,cottontail_snowshoehare
SSWI000000011429873,Cottontail,1,cottontail_snowshoehare,Blank,0.0,0,blank
SSWI000000011431817,Wolf,2,wolf,Blank,0.0,0,blank
SSWI000000011432103,Wolf,1,wolf,Blank,0.0,0,blank
SSWI000000011438961,Deer,1,deer,3,0.2688377797603607,1,deer
SSWI000000011440297,Wolf,1,wolf,Blank,0.0,0,blank
SSWI000000011442191,Wolf,1,wolf,Blank,0.0,0,blank
SSWI000000011485408,Wolf,1,wolf,4,0.40489670634269714,1,elk
SSWI000000011526686,Raccoon,1,raccoon,Blank,0.0,0,blank
SSWI000000011558455,"Fox, Red",1,foxgray_foxred,Blank,0.0,0,blank
SSWI000000011569861,Wolf,1,wolf,Blank,0.0,0,blank
SSWI000000011646532,Wolf,1,wolf,Blank,0.0,0,blank
SSWI000000011724003,Wolf,1,wolf,Blank,0.0,0,blank
SSWI000000011770707,Elk,2,elk,Blank,0.0,0,blank
SSWI000000011770757,Elk,2,elk,4,0.4775852859020233,1,elk
SSWI000000011771069,Wolf,1,wolf,Blank,0.0,0,blank
SSWI000000011771136,Elk,5,elk,Blank,0.0,0,blank
SSWI000000011771175,Elk,1,elk,Blank,0.0,0,blank
SSWI000000011771263,Elk,2,elk,Blank,0.0,0,blank
SSWI000000011771269,Elk,2,elk,Blank,0.0,0,blank
SSWI000000011771288,Elk,2,elk,Blank,0.0,0,blank
SSWI000000011771292,Elk,4,elk,Blank,0.0,0,blank
SSWI000000011771294,Elk,3,elk,Blank,0.0,0,blank
SSWI000000011771302,Elk,1,elk,Blank,0.0,0,blank
SSWI000000011771401,Elk,5,elk,Blank,0.0,0,blank
SSWI000000011808243,"Fox, Red",1,foxgray_foxred,Blank,0.0,0,blank
SSWI000000011896055,Wolf,1,wolf,Blank,0.0,0,blank
SSWI000000011996328,"Fox, Red",1,foxgray_foxred,Blank,0.0,0,blank
SSWI000000011996329,"Fox, Red",1,foxgray_foxred,4,0.29804527759552,1,elk
SSWI000000012002832,Turkey,1,turkey,Blank,0.0,0,blank
SSWI000000012047293,"Fox, Red",1,foxgray_foxred,Blank,0.0,0,blank
SSWI000000012058896,Raccoon,1,raccoon,Blank,0.0,0,blank
SSWI000000012132250,Raccoon,2,raccoon,7,0.5157976746559143,1,raccoon
SSWI000000012187199,Opossum,1,opossum,5,0.4045881927013397,1,foxgray_foxred
SSWI000000012303058,Wolf,1,wolf,Blank,0.0,0,blank
SSWI000000012312959,Opossum,1,opossum,Blank,0.0,0,blank
SSWI000000012325268,Raccoon,1,raccoon,7,0.6427865624427795,1,raccoon
SSWI000000012343278,Wolf,1,wolf,3,0.3686109185218811,1,deer
SSWI000000012377893,Turkey,1,turkey,Blank,0.0,0,blank
SSWI000000012383489,Opossum,1,opossum,Blank,0.0,0,blank
SSWI000000012391611,Wolf,1,wolf,Blank,0.0,0,blank
SSWI000000012444637,Elk,4,elk,Blank,0.0,0,blank
SSWI000000012445491,Coyote,1,coyote,Blank,0.0,0,blank
SSWI000000012450229,Raccoon,1,raccoon,Blank,0.0,0,blank
SSWI000000012471227,Wolf,1,wolf,9,0.41367682814598083,2,wolf
SSWI000000012667542,Raccoon,2,raccoon,Blank,0.0,0,blank
SSWI000000012667554,Raccoon,2,raccoon,Blank,0.0,0,blank
SSWI000000012670911,"Fox, Red",1,foxgray_foxred,Blank,0.0,0,blank
SSWI000000012670913,"Fox, Red",2,foxgray_foxred,4,0.699295699596405,1,elk
SSWI000000012670916,"Fox, Red",1,foxgray_foxred,4,0.7404624819755554,1,elk
SSWI000000012748622,Elk,1,elk,4,0.45201539993286133,1,elk
SSWI000000012762352,Wolf,1,wolf,Blank,0.0,0,blank
SSWI000000012766328,Raccoon,1,raccoon,Blank,0.0,0,blank
SSWI000000012797190,Wolf,1,wolf,4,0.3364485502243042,1,elk
SSWI000000012824921,Coyote,1,coyote,3,0.5096282362937927,1,deer
SSWI000000012825442,Turkey,1,turkey,Blank,0.0,0,blank
SSWI000000012853074,Raccoon,1,raccoon,Blank,0.0,0,blank
SSWI000000012863544,Turkey,1,turkey,Blank,0.0,0,blank
SSWI000000012873358,Elk,1,elk,4,0.5993857979774475,1,elk
SSWI000000012873396,Elk,1,elk,3,0.28073394298553467,1,deer
SSWI000000012925030,Elk,2,elk,4,0.4163161516189575,1,elk
SSWI000000012925032,Elk,1,elk,Blank,0.0,0,blank
SSWI000000012925036,Elk,3,elk,4,0.26667994260787964,1,elk
SSWI000000012925071,Elk,2,elk,Blank,0.0,0,blank
SSWI000000013012899,Wolf,1,wolf,5,0.26263490319252014,1,foxgray_foxred
SSWI000000013355833,Snowshoe Hare,1,cottontail_snowshoehare,7,0.48759186267852783,1,raccoon
SSWI000000013385289,Deer,1,deer,3,0.48489585518836975,1,deer
SSWI000000013400931,Bear,1,bear,Blank,0.0,0,blank
SSWI000000013400932,Bear,1,bear,Blank,0.0,0,blank
SSWI000000013425845,Raccoon,1,raccoon,Blank,0.0,0,blank
SSWI000000013432322,Wolf,1,wolf,Blank,0.0,0,blank
SSWI000000013446156,Raccoon,1,raccoon,Blank,0.0,0,blank
SSWI000000013479727,"Fox, Red",1,foxgray_foxred,Blank,0.0,0,blank
SSWI000000013549996,Wolf,1,wolf,3,0.2632632553577423,1,deer
SSWI000000013550213,Elk,1,elk,4,0.32799801230430603,1,elk
SSWI000000013550225,Wolf,1,wolf,Blank,0.0,0,blank
SSWI000000013550296,Elk,1,elk,4,0.3414352536201477,1,elk
SSWI000000013550415,Elk,1,elk,4,0.35255166888237,1,elk
SSWI000000013550434,Elk,1,elk,4,0.3055013418197632,1,elk
SSWI000000013550436,Elk,2,elk,4,0.4345286786556244,1,elk
SSWI000000013550448,Elk,1,elk,Blank,0.0,0,blank
SSWI000000013597790,Turkey,1,turkey,Blank,0.0,0,blank
SSWI000000013728445,Raccoon,1,raccoon,Blank,0.0,0,blank
SSWI000000013839998,Turkey,1,turkey,Blank,0.0,0,blank
SSWI000000013893786,Turkey,2,turkey,Blank,0.0,0,blank
SSWI000000013914629,Turkey,2,turkey,Blank,0.0,0,blank
SSWI000000013956157,Raccoon,1,raccoon,Blank,0.0,0,blank
SSWI000000014114079,Bear,1,bear,Blank,0.0,0,blank
SSWI000000014161140,Raccoon,1,raccoon,7,0.5887571573257446,1,raccoon
SSWI000000014161150,Raccoon,1,raccoon,Blank,0.0,0,blank
SSWI000000014212632,Snowshoe Hare,1,cottontail_snowshoehare,7,0.5039639472961426,1,raccoon
SSWI000000014325538,Opossum,1,opossum,7,0.6008326411247253,1,raccoon
SSWI000000014417752,Raccoon,1,raccoon,Blank,0.0,0,blank
SSWI000000014700935,Deer,1,deer,3,0.609310507774353,1,deer
SSWI000000014703783,Raccoon,3,raccoon,Blank,0.0,0,blank
SSWI000000014703787,Raccoon,1,raccoon,Blank,0.0,0,blank
SSWI000000014730207,Wolf,1,wolf,Blank,0.0,0,blank
SSWI000000014743300,Raccoon,1,raccoon,Blank,0.0,0,blank
SSWI000000014743329,"Fox, Red",1,foxgray_foxred,Blank,0.0,0,blank
SSWI000000014752100,Raccoon,1,raccoon,0,0.2769131660461426,1,bear
SSWI000000014792754,Opossum,1,opossum,Blank,0.0,0,blank
SSWI000000014823477,Turkey,1,turkey,Blank,0.0,0,blank
SSWI000000014844658,Wolf,1,wolf,4,0.26102104783058167,1,elk
SSWI000000014870030,Turkey,1,turkey,Blank,0.0,0,blank
SSWI000000014985554,Wolf,1,wolf,3,0.4264492094516754,1,deer
SSWI000000015020852,"Fox, Gray",1,foxgray_foxred,Blank,0.0,0,blank
SSWI000000015060550,Elk,4,elk,4,0.29228508472442627,1,elk
SSWI000000015060591,Elk,5,elk,3,0.30114829540252686,1,deer
SSWI000000015060598,Elk,4,elk,4,0.33280208706855774,1,elk
SSWI000000015060638,Elk,1,elk,4,0.6311615109443665,1,elk
SSWI000000015060750,Elk,4,elk,4,0.5807206630706787,2,elk
SSWI000000015060785,Wolf,1,wolf,Blank,0.0,0,blank
SSWI000000015060805,Wolf,1,wolf,Blank,0.0,0,blank
SSWI000000015060809,Elk,1,elk,4,0.695249617099762,1,elk
SSWI000000015060876,Elk,1,elk,4,0.6086648106575012,1,elk
SSWI000000015060925,Elk,1,elk,3,0.5951499938964844,1,deer
SSWI000000015060930,Elk,1,elk,Blank,0.0,0,blank
SSWI000000015066732,Opossum,1,opossum,Blank,0.0,0,blank
SSWI000000015073869,Raccoon,1,raccoon,Blank,0.0,0,blank
SSWI000000015074879,Deer,1,deer,3,0.4937551021575928,2,deer
SSWI000000015074887,Raccoon,1,raccoon,3,0.444028377532959,2,deer
SSWI000000015074889,Turkey,1,turkey,Blank,0.0,0,blank
SSWI000000015074890,Turkey,1,turkey,8,0.2649761140346527,1,turkey
SSWI000000015074946,Cottontail,1,cottontail_snowshoehare,Blank,0.0,0,blank
SSWI000000015074948,Snowshoe Hare,1,cottontail_snowshoehare,Blank,0.0,0,blank
SSWI000000015074952,Deer,1,deer,3,0.4436209797859192,3,deer
SSWI000000015074956,Raccoon,1,raccoon,3,0.3170313835144043,2,deer
SSWI000000015119592,"Fox, Gray",1,foxgray_foxred,Blank,0.0,0,blank
SSWI000000015119755,"Fox, Gray",1,foxgray_foxred,Blank,0.0,0,blank
SSWI000000015119792,"Fox, Red",1,foxgray_foxred,Blank,0.0,0,blank
SSWI000000015119833,"Fox, Gray",1,foxgray_foxred,Blank,0.0,0,blank
SSWI000000015125513,Opossum,1,opossum,Blank,0.0,0,blank
SSWI000000015207162,Opossum,1,opossum,Blank,0.0,0,blank
SSWI000000015225060,Wolf,1,wolf,Blank,0.0,0,blank
SSWI000000015225061,Wolf,1,wolf,Blank,0.0,0,blank
SSWI000000015225165,Wolf,1,wolf,Blank,0.0,0,blank
SSWI000000015231265,Wolf,1,wolf,Blank,0.0,0,blank
SSWI000000015231270,Wolf,1,wolf,Blank,0.0,0,blank
SSWI000000015299510,Opossum,1,opossum,5,0.26685023307800293,1,foxgray_foxred
SSWI000000015327120,Opossum,1,opossum,Blank,0.0,0,blank
SSWI000000015362155,Raccoon,1,raccoon,7,0.45878756046295166,1,raccoon
SSWI000000015443014,Opossum,1,opossum,Blank,0.0,0,blank
SSWI000000015519355,Elk,1,elk,4,0.7104930281639099,3,elk
SSWI000000015523999,Opossum,1,opossum,Blank,0.0,0,blank
SSWI000000015550901,Turkey,1,turkey,Blank,0.0,0,blank
SSWI000000015589155,Turkey,2,turkey,8,0.40738996863365173,1,turkey
SSWI000000015649131,Cottontail,1,cottontail_snowshoehare,1,0.3920339345932007,1,cottontail_snowshoehare
SSWI000000015716125,Raccoon,1,raccoon,Blank,0.0,0,blank
SSWI000000015723955,Wolf,1,wolf,Blank,0.0,0,blank
SSWI000000015783001,Raccoon,1,raccoon,Blank,0.0,0,blank
SSWI000000015910095,Wolf,2,wolf,Blank,0.0,0,blank
SSWI000000015982375,Opossum,1,opossum,Blank,0.0,0,blank
SSWI000000016108766,Elk,1,elk,Blank,0.0,0,blank
SSWI000000016110181,"Fox, Red",1,foxgray_foxred,Blank,0.0,0,blank
SSWI000000016161584,Opossum,1,opossum,Blank,0.0,0,blank
SSWI000000016161614,Opossum,1,opossum,Blank,0.0,0,blank
SSWI000000016162113,Coyote,1,coyote,Blank,0.0,0,blank
SSWI000000016172560,Coyote,1,coyote,2,0.5816157460212708,1,coyote
SSWI000000016172616,Snowshoe Hare,1,cottontail_snowshoehare,Blank,0.0,0,blank
SSWI000000016172688,Snowshoe Hare,1,cottontail_snowshoehare,1,0.2646715044975281,1,cottontail_snowshoehare
SSWI000000016173032,Snowshoe Hare,1,cottontail_snowshoehare,Blank,0.0,0,blank
SSWI000000016173261,Snowshoe Hare,1,cottontail_snowshoehare,Blank,0.0,0,blank
SSWI000000016173289,Deer,1,deer,Blank,0.0,0,blank
SSWI000000016183274,Coyote,1,coyote,Blank,0.0,0,blank
SSWI000000016203045,Wolf,1,wolf,Blank,0.0,0,blank
SSWI000000016271535,Coyote,1,coyote,Blank,0.0,0,blank
SSWI000000016309115,Turkey,1,turkey,Blank,0.0,0,blank
SSWI000000016311467,Wolf,1,wolf,Blank,0.0,0,blank
SSWI000000016342731,Deer,1,deer,4,0.2984684407711029,1,elk
SSWI000000016342773,Deer,1,deer,Blank,0.0,0,blank
SSWI000000016424933,Opossum,1,opossum,Blank,0.0,0,blank
SSWI000000016424935,Opossum,1,opossum,Blank,0.0,0,blank
SSWI000000016424937,Opossum,1,opossum,Blank,0.0,0,blank
SSWI000000016445776,"Fox, Red",1,foxgray_foxred,5,0.4470818042755127,1,foxgray_foxred
SSWI000000016452671,Coyote,1,coyote,Blank,0.0,0,blank
SSWI000000016452673,Coyote,1,coyote,Blank,0.0,0,blank
SSWI000000016454759,Snowshoe Hare,1,cottontail_snowshoehare,1,0.38791048526763916,2,cottontail_snowshoehare
SSWI000000016457738,Raccoon,1,raccoon,Blank,0.0,0,blank
SSWI000000016457740,Raccoon,1,raccoon,Blank,0.0,0,blank
SSWI000000016476755,"Fox, Red",1,foxgray_foxred,Blank,0.0,0,blank
SSWI000000016486330,Raccoon,1,raccoon,Blank,0.0,0,blank
SSWI000000016525008,Elk,8,elk,4,0.4879770278930664,3,elk
SSWI000000016525016,Elk,5,elk,Blank,0.0,0,blank
SSWI000000016525017,Elk,6,elk,Blank,0.0,0,blank
SSWI000000016525036,Elk,7,elk,3,0.39742040634155273,1,deer
SSWI000000016525038,Elk,8,elk,Blank,0.0,0,blank
SSWI000000016535592,Wolf,1,wolf,Blank,0.0,0,blank
SSWI000000016562269,Elk,1,elk,4,0.396380752325058,1,elk
SSWI000000016591754,Wolf,1,wolf,3,0.4688645005226135,1,deer
SSWI000000016625859,Wolf,2,wolf,Blank,0.0,0,blank
SSWI000000016654800,Coyote,1,coyote,Blank,0.0,0,blank
SSWI000000016686640,Raccoon,1,raccoon,Blank,0.0,0,blank
SSWI000000016701288,Wolf,1,wolf,Blank,0.0,0,blank
SSWI000000016701571,Wolf,1,wolf,Blank,0.0,0,blank
SSWI000000016739007,Wolf,1,wolf,Blank,0.0,0,blank
SSWI000000016739008,Wolf,1,wolf,Blank,0.0,0,blank
SSWI000000016747119,Raccoon,1,raccoon,Blank,0.0,0,blank
SSWI000000016760240,Coyote,1,coyote,Blank,0.0,0,blank
SSWI000000016766418,Wolf,5,wolf,Blank,0.0,0,blank
SSWI000000016766561,Wolf,1,wolf,Blank,0.0,0,blank
SSWI000000016772028,"Fox, Red",1,foxgray_foxred,Blank,0.0,0,blank
SSWI000000016810408,Coyote,2,coyote,Blank,0.0,0,blank
SSWI000000016810409,Coyote,2,coyote,Blank,0.0,0,blank
SSWI000000016819280,Wolf,1,wolf,Blank,0.0,0,blank
SSWI000000016824095,Snowshoe Hare,1,cottontail_snowshoehare,Blank,0.0,0,blank
SSWI000000016858956,Turkey,1,turkey,Blank,0.0,0,blank
SSWI000000016859650,Wolf,1,wolf,Blank,0.0,0,blank
SSWI000000016874413,Coyote,1,coyote,Blank,0.0,0,blank
SSWI000000016913715,Raccoon,1,raccoon,Blank,0.0,0,blank
SSWI000000016918229,Elk,1,elk,3,0.4226958453655243,1,deer
SSWI000000016946524,Raccoon,1,raccoon,Blank,0.0,0,blank
SSWI000000016952827,Coyote,1,coyote,1,0.26825594902038574,1,cottontail_snowshoehare
SSWI000000016955622,Wolf,1,wolf,Blank,0.0,0,blank
SSWI000000016957901,Coyote,1,coyote,Blank,0.0,0,blank
SSWI000000016958089,Coyote,1,coyote,Blank,0.0,0,blank
SSWI000000016982800,Turkey,1,turkey,Blank,0.0,0,blank
SSWI000000017027313,Coyote,1,coyote,Blank,0.0,0,blank
SSWI000000017034679,Deer,1,deer,3,0.5967017412185669,1,deer
SSWI000000017050425,Wolf,1,wolf,Blank,0.0,0,blank
SSWI000000017053464,Turkey,1,turkey,8,0.25404295325279236,1,turkey
SSWI000000017053540,Deer,1,deer,3,0.5753641128540039,1,deer
SSWI000000017053541,Deer,1,deer,3,0.6435070037841797,1,deer
SSWI000000017053542,Deer,1,deer,3,0.556267261505127,1,deer
SSWI000000017053543,Deer,1,deer,3,0.5661993026733398,1,deer
SSWI000000017053544,Deer,1,deer,3,0.650591254234314,1,deer
SSWI000000017094738,Coyote,1,coyote,Blank,0.0,0,blank
SSWI000000017114214,Coyote,1,coyote,Blank,0.0,0,blank
SSWI000000017122735,Raccoon,1,raccoon,7,0.34159186482429504,2,raccoon
SSWI000000017165583,Deer,1,deer,Blank,0.0,0,blank
SSWI000000017168800,Turkey,1,turkey,8,0.46774569153785706,1,turkey
SSWI000000017176447,Bear,1,bear,0,0.2846202254295349,1,bear
SSWI000000017182594,Coyote,1,coyote,Blank,0.0,0,blank
SSWI000000017202143,"Fox, Red",1,foxgray_foxred,1,0.3073124289512634,1,cottontail_snowshoehare
SSWI000000017231169,"Fox, Red",1,foxgray_foxred,Blank,0.0,0,blank
SSWI000000017272703,Coyote,1,coyote,Blank,0.0,0,blank
SSWI000000017288590,Snowshoe Hare,1,cottontail_snowshoehare,1,0.5029465556144714,1,cottontail_snowshoehare
SSWI000000017299369,Coyote,1,coyote,Blank,0.0,0,blank
SSWI000000017302016,Coyote,1,coyote,Blank,0.0,0,blank
SSWI000000017317993,Coyote,2,coyote,5,0.32297542691230774,2,foxgray_foxred
SSWI000000017318002,Coyote,1,coyote,Blank,0.0,0,blank
SSWI000000017342103,Coyote,1,coyote,Blank,0.0,0,blank
SSWI000000017356170,Coyote,1,coyote,Blank,0.0,0,blank
SSWI000000017365992,"Fox, Red",1,foxgray_foxred,Blank,0.0,0,blank
SSWI000000017367083,Raccoon,1,raccoon,Blank,0.0,0,blank
SSWI000000017379230,Elk,1,elk,4,0.527428388595581,1,elk
SSWI000000017380640,Wolf,1,wolf,Blank,0.0,0,blank
SSWI000000017386607,Elk,1,elk,4,0.3327568769454956,1,elk
SSWI000000017386956,Elk,1,elk,Blank,0.0,0,blank
SSWI000000017387008,Coyote,1,coyote,5,0.5430254340171814,1,foxgray_foxred
SSWI000000017387025,Coyote,1,coyote,5,0.2624759078025818,1,foxgray_foxred
SSWI000000017387082,Elk,4,elk,3,0.4263370931148529,2,deer
SSWI000000017387102,Elk,1,elk,Blank,0.0,0,blank
SSWI000000017387107,Elk,1,elk,4,0.43237173557281494,1,elk
SSWI000000017387121,Elk,1,elk,4,0.27684417366981506,1,elk
SSWI000000017432274,Coyote,1,coyote,Blank,0.0,0,blank
SSWI000000017432803,Raccoon,1,raccoon,4,0.4619449973106384,1,elk
SSWI000000017433796,Coyote,1,coyote,3,0.26409339904785156,1,deer
SSWI000000017438288,Raccoon,1,raccoon,Blank,0.0,0,blank
SSWI000000017445158,Raccoon,1,raccoon,Blank,0.0,0,blank
SSWI000000017451970,Bear,1,bear,Blank,0.0,0,blank
SSWI000000017451997,Wolf,1,wolf,9,0.2556335926055908,1,wolf
SSWI000000017453149,Wolf,4,wolf,Blank,0.0,0,blank
SSWI000000017480886,Wolf,1,wolf,Blank,0.0,0,blank
SSWI000000017487493,Coyote,1,coyote,Blank,0.0,0,blank
SSWI000000017499683,Coyote,1,coyote,Blank,0.0,0,blank
SSWI000000017531386,Turkey,1,turkey,Blank,0.0,0,blank
SSWI000000017531390,Turkey,1,turkey,8,0.29267004132270813,1,turkey
SSWI000000017531438,Snowshoe Hare,1,cottontail_snowshoehare,Blank,0.0,0,blank
SSWI000000017531439,Snowshoe Hare,1,cottontail_snowshoehare,Blank,0.0,0,blank
SSWI000000017531511,Coyote,1,coyote,Blank,0.0,0,blank
SSWI000000017531616,"Fox, Red",1,foxgray_foxred,5,0.4221171736717224,1,foxgray_foxred
SSWI000000017560611,Coyote,1,coyote,Blank,0.0,0,blank
SSWI000000017583435,Snowshoe Hare,1,cottontail_snowshoehare,Blank,0.0,0,blank
SSWI000000017586108,Snowshoe Hare,1,cottontail_snowshoehare,Blank,0.0,0,blank
SSWI000000017587496,Wolf,1,wolf,3,0.2802024781703949,1,deer
SSWI000000017589439,Turkey,3,turkey,Blank,0.0,0,blank
SSWI000000017591849,Turkey,1,turkey,Blank,0.0,0,blank
SSWI000000017591861,Deer,1,deer,3,0.31285741925239563,1,deer
SSWI000000017600281,Raccoon,1,raccoon,Blank,0.0,0,blank
SSWI000000017706076,Coyote,1,coyote,Blank,0.0,0,blank
SSWI000000017706113,Coyote,1,coyote,Blank,0.0,0,blank
SSWI000000017714588,Wolf,1,wolf,Blank,0.0,0,blank
SSWI000000017718831,Coyote,1,coyote,Blank,0.0,0,blank
SSWI000000017771284,Raccoon,1,raccoon,Blank,0.0,0,blank
SSWI000000017780373,Opossum,1,opossum,Blank,0.0,0,blank
SSWI000000017865203,Opossum,1,opossum,Blank,0.0,0,blank
SSWI000000017866211,Wolf,1,wolf,Blank,0.0,0,blank
SSWI000000017866257,Wolf,1,wolf,3,0.3417268395423889,2,deer
SSWI000000017866268,Wolf,1,wolf,Blank,0.0,0,blank
SSWI000000017866328,Wolf,2,wolf,Blank,0.0,0,blank
SSWI000000017866374,Wolf,1,wolf,Blank,0.0,0,blank
SSWI000000017866391,Wolf,1,wolf,Blank,0.0,0,blank
SSWI000000017908487,Wolf,1,wolf,Blank,0.0,0,blank
SSWI000000017908753,Wolf,1,wolf,Blank,0.0,0,blank
SSWI000000017969535,Wolf,1,wolf,Blank,0.0,0,blank
SSWI000000017970076,Wolf,1,wolf,Blank,0.0,0,blank
SSWI000000017971379,Coyote,1,coyote,Blank,0.0,0,blank
SSWI000000017971505,Wolf,1,wolf,Blank,0.0,0,blank
SSWI000000017971537,Wolf,1,wolf,Blank,0.0,0,blank
SSWI000000018039868,Elk,1,elk,3,0.3097818195819855,1,deer
SSWI000000018060407,Wolf,1,wolf,Blank,0.0,0,blank
SSWI000000018068426,Coyote,1,coyote,Blank,0.0,0,blank
SSWI000000018074315,Coyote,1,coyote,Blank,0.0,0,blank
SSWI000000018122150,Coyote,1,coyote,Blank,0.0,0,blank
SSWI000000018126678,Snowshoe Hare,1,cottontail_snowshoehare,1,0.49496421217918396,1,cottontail_snowshoehare
SSWI000000018126816,Snowshoe Hare,1,cottontail_snowshoehare,Blank,0.0,0,blank
SSWI000000018126846,Snowshoe Hare,1,cottontail_snowshoehare,Blank,0.0,0,blank
SSWI000000018126858,Turkey,1,turkey,8,0.5246170163154602,1,turkey
SSWI000000018126868,Turkey,1,turkey,8,0.2594299018383026,1,turkey
SSWI000000018197818,Deer,1,deer,3,0.3065653145313263,1,deer
SSWI000000018209808,Deer,5,deer,3,0.43668055534362793,3,deer
SSWI000000018229065,Opossum,1,opossum,Blank,0.0,0,blank
SSWI000000018230546,Raccoon,1,raccoon,Blank,0.0,0,blank
SSWI000000018237149,Bear,1,bear,0,0.48030781745910645,1,bear
SSWI000000018237150,Bear,1,bear,Blank,0.0,0,blank
SSWI000000018237152,Bear,1,bear,0,0.5148324966430664,1,bear
SSWI000000018237157,Bear,1,bear,4,0.4933326542377472,2,elk
SSWI000000018237158,Bear,1,bear,Blank,0.0,0,blank
SSWI000000018237159,Bear,1,bear,Blank,0.0,0,blank
SSWI000000018237169,Bear,1,bear,Blank,0.0,0,blank
SSWI000000018237254,Bear,1,bear,Blank,0.0,0,blank
SSWI000000018237293,Bear,1,bear,4,0.3878058195114136,1,elk
SSWI000000018237295,Bear,1,bear,0,0.2691698670387268,1,bear
SSWI000000018237325,Deer,1,deer,3,0.42905429005622864,1,deer
SSWI000000018253168,Coyote,1,coyote,Blank,0.0,0,blank
SSWI000000018253287,Coyote,1,coyote,3,0.3090043365955353,1,deer
SSWI000000018264457,Elk,2,elk,Blank,0.0,0,blank
SSWI000000018264458,Elk,2,elk,Blank,0.0,0,blank
SSWI000000018264759,Bear,1,bear,Blank,0.0,0,blank
SSWI000000018264807,Deer,3,deer,3,0.36346057057380676,1,deer
SSWI000000018264890,Elk,1,elk,Blank,0.0,0,blank
SSWI000000018265949,Elk,1,elk,5,0.3349098563194275,2,foxgray_foxred
SSWI000000018283053,Raccoon,1,raccoon,Blank,0.0,0,blank
SSWI000000018313347,Coyote,1,coyote,Blank,0.0,0,blank
SSWI000000018313377,Coyote,1,coyote,Blank,0.0,0,blank
SSWI000000018313388,Coyote,2,coyote,3,0.31160780787467957,1,deer
SSWI000000018313389,Coyote,2,coyote,3,0.5299636125564575,1,deer
SSWI000000018313406,Coyote,1,coyote,Blank,0.0,0,blank
SSWI000000018326483,Raccoon,1,raccoon,Blank,0.0,0,blank
SSWI000000018344521,Raccoon,1,raccoon,7,0.4139931797981262,1,raccoon
SSWI000000018351756,Wolf,1,wolf,Blank,0.0,0,blank
SSWI000000018396450,Wolf,1,wolf,3,0.39031335711479187,1,deer
SSWI000000018399143,Deer,3,deer,Blank,0.0,0,blank
SSWI000000018399215,Deer,3,deer,3,0.5528817772865295,1,deer
SSWI000000018402876,Wolf,1,wolf,Blank,0.0,0,blank
SSWI000000018441892,Opossum,1,opossum,Blank,0.0,0,blank
SSWI000000018519293,"Fox, Gray",1,foxgray_foxred,Blank,0.0,0,blank
SSWI000000018519311,"Fox, Gray",1,foxgray_foxred,Blank,0.0,0,blank
SSWI000000018519331,"Fox, Gray",1,foxgray_foxred,Blank,0.0,0,blank
SSWI000000018519334,"Fox, Gray",1,foxgray_foxred,Blank,0.0,0,blank
SSWI000000018519335,"Fox, Gray",1,foxgray_foxred,Blank,0.0,0,blank
SSWI000000018519337,"Fox, Gray",1,foxgray_foxred,Blank,0.0,0,blank
SSWI000000018519338,"Fox, Gray",1,foxgray_foxred,Blank,0.0,0,blank
SSWI000000018549747,Deer,4,deer,3,0.6119788885116577,2,deer
SSWI000000018596031,Deer,1,deer,3,0.3844088613986969,1,deer
SSWI000000018596730,Deer,3,deer,Blank,0.0,0,blank
SSWI000000018597779,Raccoon,1,raccoon,Blank,0.0,0,blank
SSWI000000018605235,"Fox, Red",1,foxgray_foxred,3,0.33108291029930115,2,deer
SSWI000000018607279,Deer,1,deer,3,0.41166606545448303,1,deer
SSWI000000018613082,Deer,2,deer,3,0.5019179582595825,2,deer
SSWI000000018613392,Deer,2,deer,3,0.5802151560783386,1,deer
SSWI000000018625714,Bear,1,bear,Blank,0.0,0,blank
SSWI000000018625721,Bear,1,bear,Blank,0.0,0,blank
SSWI000000018649810,Deer,1,deer,Blank,0.0,0,blank
SSWI000000018651996,Wolf,1,wolf,4,0.34630051255226135,1,elk
SSWI000000018659153,Raccoon,1,raccoon,Blank,0.0,0,blank
SSWI000000018696587,Bear,3,bear,Blank,0.0,0,blank
SSWI000000018716133,Coyote,1,coyote,Blank,0.0,0,blank
SSWI000000018717329,Coyote,1,coyote,5,0.2609817087650299,1,foxgray_foxred
SSWI000000018720931,Wolf,1,wolf,Blank,0.0,0,blank
SSWI000000018741710,Bear,1,bear,0,0.5049647092819214,1,bear
SSWI000000018743838,Deer,4,deer,4,0.47102615237236023,2,elk
SSWI000000018750868,Elk,2,elk,Blank,0.0,0,blank
SSWI000000018770912,Elk,2,elk,4,0.2776992619037628,1,elk
SSWI000000018770932,Elk,1,elk,4,0.7247973084449768,2,elk
SSWI000000018771001,Elk,1,elk,Blank,0.0,0,blank
SSWI000000018771025,Elk,1,elk,4,0.5297842025756836,1,elk
SSWI000000018771033,Elk,1,elk,Blank,0.0,0,blank
SSWI000000018771043,Elk,1,elk,Blank,0.0,0,blank
SSWI000000018771052,Elk,3,elk,4,0.6045922040939331,2,elk
SSWI000000018771074,Elk,1,elk,Blank,0.0,0,blank
SSWI000000018771088,Elk,1,elk,4,0.5903934240341187,3,elk
SSWI000000018771093,Elk,1,elk,4,0.5374369025230408,2,elk
SSWI000000018774997,Coyote,1,coyote,Blank,0.0,0,blank
SSWI000000018775017,Coyote,1,coyote,Blank,0.0,0,blank
SSWI000000018802359,Bear,2,bear,0,0.588296115398407,1,bear
SSWI000000018802363,Bear,1,bear,Blank,0.0,0,blank
SSWI000000018802365,Bear,1,bear,Blank,0.0,0,blank
SSWI000000018802370,Bear,1,bear,Blank,0.0,0,blank
SSWI000000018802382,Bear,1,bear,Blank,0.0,0,blank
SSWI000000018802392,Bear,1,bear,0,0.5388927459716797,1,bear
SSWI000000018805926,Wolf,1,wolf,3,0.26291877031326294,1,deer
SSWI000000018832516,Deer,2,deer,3,0.3243560492992401,1,deer
SSWI000000018832563,Deer,1,deer,Blank,0.0,0,blank
SSWI000000018841639,Opossum,1,opossum,Blank,0.0,0,blank
SSWI000000018841769,Opossum,1,opossum,Blank,0.0,0,blank
SSWI000000018885941,Raccoon,1,raccoon,Blank,0.0,0,blank
SSWI000000018918703,Wolf,1,wolf,3,0.3405493199825287,1,deer
SSWI000000018921756,Wolf,1,wolf,Blank,0.0,0,blank
SSWI000000018921788,Wolf,3,wolf,Blank,0.0,0,blank
SSWI000000018952640,Opossum,1,opossum,Blank,0.0,0,blank
SSWI000000018992230,Raccoon,1,raccoon,Blank,0.0,0,blank
SSWI000000019013945,Deer,3,deer,3,0.41569727659225464,1,deer
SSWI000000019046332,Deer,1,deer,Blank,0.0,0,blank
SSWI000000019046338,Bear,1,bear,Blank,0.0,0,blank
SSWI000000019046341,Bear,1,bear,Blank,0.0,0,blank
SSWI000000019047944,Deer,2,deer,3,0.5076794624328613,1,deer
SSWI000000019065025,Turkey,1,turkey,Blank,0.0,0,blank
SSWI000000019068138,Coyote,1,coyote,Blank,0.0,0,blank
SSWI000000019084573,Deer,3,deer,Blank,0.0,0,blank
SSWI000000019091174,Wolf,1,wolf,Blank,0.0,0,blank
SSWI000000019117188,Turkey,1,turkey,Blank,0.0,0,blank
SSWI000000019122257,Elk,4,elk,Blank,0.0,0,blank
SSWI000000019122314,Elk,5,elk,Blank,0.0,0,blank
SSWI000000019122329,Elk,1,elk,4,0.7271890044212341,2,elk
SSWI000000019122332,Elk,1,elk,4,0.3909282684326172,1,elk
SSWI000000019122361,Elk,1,elk,Blank,0.0,0,blank
SSWI000000019125218,Coyote,1,coyote,Blank,0.0,0,blank
SSWI000000019126514,Deer,1,deer,0,0.3122726380825043,1,bear
SSWI000000019157769,Deer,1,deer,Blank,0.0,0,blank
SSWI000000019158866,Deer,1,deer,Blank,0.0,0,blank
SSWI000000019158937,Bear,1,bear,Blank,0.0,0,blank
SSWI000000019158997,Snowshoe Hare,1,cottontail_snowshoehare,Blank,0.0,0,blank
SSWI000000019159169,Bear,1,bear,Blank,0.0,0,blank
SSWI000000019159170,Deer,1,deer,3,0.38002893328666687,1,deer
SSWI000000019159212,Deer,3,deer,3,0.43854600191116333,1,deer
SSWI000000019159239,Deer,1,deer,Blank,0.0,0,blank
SSWI000000019159267,Deer,2,deer,Blank,0.0,0,blank
SSWI000000019159269,Deer,1,deer,3,0.5918123126029968,1,deer
SSWI000000019159340,Deer,1,deer,Blank,0.0,0,blank
SSWI000000019159408,Snowshoe Hare,1,cottontail_snowshoehare,1,0.4889240264892578,1,cottontail_snowshoehare
SSWI000000019159633,Deer,1,deer,Blank,0.0,0,blank
SSWI000000019159644,Deer,1,deer,Blank,0.0,0,blank
SSWI000000019159647,Turkey,1,turkey,8,0.49715128540992737,1,turkey
SSWI000000019159773,Deer,1,deer,3,0.37130677700042725,2,deer
SSWI000000019159825,Snowshoe Hare,1,cottontail_snowshoehare,Blank,0.0,0,blank
SSWI000000019159841,Turkey,1,turkey,Blank,0.0,0,blank
SSWI000000019159844,Deer,1,deer,Blank,0.0,0,blank
SSWI000000019159858,Snowshoe Hare,1,cottontail_snowshoehare,1,0.5535679459571838,1,cottontail_snowshoehare
SSWI000000019159884,Deer,1,deer,Blank,0.0,0,blank
SSWI000000019159952,Snowshoe Hare,1,cottontail_snowshoehare,1,0.5125426650047302,1,cottontail_snowshoehare
SSWI000000019160074,Bear,1,bear,0,0.32004284858703613,1,bear
SSWI000000019160108,Deer,1,deer,3,0.4453185200691223,2,deer
SSWI000000019160924,Snowshoe Hare,1,cottontail_snowshoehare,1,0.48025599122047424,1,cottontail_snowshoehare
SSWI000000019161114,Snowshoe Hare,1,cottontail_snowshoehare,1,0.4446900188922882,1,cottontail_snowshoehare
SSWI000000019161115,Snowshoe Hare,1,cottontail_snowshoehare,Blank,0.0,0,blank
SSWI000000019161127,Snowshoe Hare,1,cottontail_snowshoehare,Blank,0.0,0,blank
SSWI000000019174804,Deer,3,deer,3,0.6900272369384766,2,deer
SSWI000000019194320,Wolf,1,wolf,3,0.5654783844947815,1,deer
SSWI000000019291437,Wolf,1,wolf,Blank,0.0,0,blank
SSWI000000019306192,Snowshoe Hare,1,cottontail_snowshoehare,Blank,0.0,0,blank
SSWI000000019306226,Snowshoe Hare,1,cottontail_snowshoehare,1,0.3363938331604004,1,cottontail_snowshoehare
SSWI000000019306562,Snowshoe Hare,1,cottontail_snowshoehare,1,0.42170268297195435,1,cottontail_snowshoehare
SSWI000000019306584,Snowshoe Hare,1,cottontail_snowshoehare,1,0.4832618534564972,1,cottontail_snowshoehare
SSWI000000019306588,Snowshoe Hare,1,cottontail_snowshoehare,1,0.33421745896339417,1,cottontail_snowshoehare
SSWI000000019306597,Snowshoe Hare,1,cottontail_snowshoehare,1,0.4746849536895752,1,cottontail_snowshoehare
SSWI000000019307566,Bear,1,bear,0,0.49295440316200256,1,bear
SSWI000000019307596,Bear,1,bear,8,0.39092519879341125,1,turkey
SSWI000000019325924,Bear,1,bear,Blank,0.0,0,blank
SSWI000000019325925,Bear,1,bear,0,0.3146548271179199,1,bear
SSWI000000019326076,Bear,1,bear,0,0.38810497522354126,1,bear
SSWI000000019326419,Deer,1,deer,Blank,0.0,0,blank
SSWI000000019326561,Bear,1,bear,Blank,0.0,0,blank
SSWI000000019326564,Bear,3,bear,0,0.46987053751945496,1,bear
SSWI000000019326573,Bear,1,bear,Blank,0.0,0,blank
SSWI000000019326585,Bear,1,bear,Blank,0.0,0,blank
SSWI000000019326586,Bear,1,bear,0,0.47047826647758484,1,bear
SSWI000000019326587,Bear,1,bear,0,0.3888678252696991,1,bear
SSWI000000019326588,Bear,1,bear,0,0.4340002238750458,1,bear
SSWI000000019326589,Bear,1,bear,0,0.4854900538921356,1,bear
SSWI000000019326590,Bear,1,bear,0,0.36100777983665466,1,bear
SSWI000000019326640,Bear,1,bear,0,0.3468274176120758,1,bear
SSWI000000019326641,Bear,1,bear,0,0.505415141582489,1,bear
SSWI000000019326642,Bear,1,bear,0,0.2932496666908264,1,bear
SSWI000000019326643,Bear,1,bear,0,0.47398898005485535,1,bear
SSWI000000019326657,Bear,1,bear,3,0.33384349942207336,1,deer
SSWI000000019326708,Bear,1,bear,Blank,0.0,0,blank
SSWI000000019326709,Bear,1,bear,Blank,0.0,0,blank
SSWI000000019326731,Deer,1,deer,3,0.2601247727870941,0,deer
SSWI000000019326744,Deer,1,deer,3,0.5586433410644531,1,deer
SSWI000000019326760,Deer,1,deer,3,0.4690690338611603,1,deer
SSWI000000019326807,Deer,1,deer,3,0.0,1,deer
SSWI000000019326822,Coyote,1,coyote,Blank,0.0,0,blank
SSWI000000019326950,Bear,1,bear,Blank,0.0,0,blank
SSWI000000019327129,Bear,1,bear,0,0.4395241439342499,1,bear
SSWI000000019327130,Bear,1,bear,Blank,0.0,0,blank
SSWI000000019327135,Bear,1,bear,Blank,0.0,0,blank
SSWI000000019346775,Raccoon,1,raccoon,3,0.49644580483436584,1,deer
SSWI000000019378933,Turkey,1,turkey,0,0.35015034675598145,1,bear
SSWI000000019379105,Coyote,1,coyote,Blank,0.0,0,blank
SSWI000000019401258,Opossum,1,opossum,Blank,0.0,0,blank
SSWI000000019406383,Turkey,1,turkey,Blank,0.0,0,blank
SSWI000000019442065,Opossum,1,opossum,Blank,0.0,0,blank
SSWI000000019453268,Coyote,1,coyote,Blank,0.0,0,blank
SSWI000000019466857,Opossum,1,opossum,Blank,0.0,0,blank
SSWI000000019471360,Coyote,1,coyote,Blank,0.0,0,blank
SSWI000000019475050,Coyote,1,coyote,5,0.5712621212005615,2,foxgray_foxred
SSWI000000019475137,Coyote,1,coyote,5,0.5727663636207581,1,foxgray_foxred
SSWI000000019521504,Deer,1,deer,Blank,0.0,0,blank
SSWI000000019521530,Deer,1,deer,Blank,0.0,0,blank
SSWI000000019521575,Deer,1,deer,Blank,0.0,0,blank
SSWI000000019521576,Deer,1,deer,Blank,0.0,0,blank
SSWI000000019521817,Deer,1,deer,3,0.32263273000717163,1,deer
SSWI000000019521901,Turkey,1,turkey,Blank,0.0,0,blank
SSWI000000019521918,Bear,1,bear,Blank,0.0,0,blank
SSWI000000019521942,Bear,1,bear,0,0.3693948984146118,1,bear
SSWI000000019521970,Bear,1,bear,0,0.29182273149490356,1,bear
SSWI000000019521971,Bear,1,bear,0,0.393147349357605,1,bear
SSWI000000019521994,Deer,1,deer,3,0.40560561418533325,1,deer
SSWI000000019522079,Deer,1,deer,Blank,0.0,0,blank
SSWI000000019580091,Deer,3,deer,3,0.34153056144714355,1,deer
SSWI000000019581852,Bear,1,bear,0,0.5290738344192505,1,bear
SSWI000000019649283,Deer,1,deer,Blank,0.0,0,blank
SSWI000000019658937,Deer,2,deer,3,0.37251004576683044,1,deer
SSWI000000019682317,Coyote,1,coyote,7,0.27012524008750916,1,raccoon
SSWI000000019697540,Wolf,1,wolf,Blank,0.0,0,blank
SSWI000000019697658,Wolf,1,wolf,Blank,0.0,0,blank
SSWI000000019697687,Wolf,1,wolf,Blank,0.0,0,blank
SSWI000000019731096,"Fox, Red",1,foxgray_foxred,5,0.34847331047058105,1,foxgray_foxred
SSWI000000019741479,Coyote,2,coyote,Blank,0.0,0,blank
SSWI000000019751535,Deer,1,deer,3,0.4758206903934479,1,deer
SSWI000000019773306,Wolf,1,wolf,Blank,0.0,0,blank
SSWI000000019779455,Deer,2,deer,3,0.5413604378700256,1,deer
SSWI000000019807422,Elk,1,elk,Blank,0.0,0,blank
SSWI000000019807461,Elk,1,elk,4,0.5542068481445312,4,elk
SSWI000000019807532,Elk,1,elk,3,0.3158356249332428,2,deer
SSWI000000019807569,Elk,1,elk,4,0.3981495499610901,1,elk
SSWI000000019807688,Elk,1,elk,Blank,0.0,0,blank
SSWI000000019819355,Raccoon,1,raccoon,Blank,0.0,0,blank
SSWI000000019819399,Cottontail,1,cottontail_snowshoehare,Blank,0.0,0,blank
SSWI000000019819401,Cottontail,1,cottontail_snowshoehare,Blank,0.0,0,blank
SSWI000000019819420,Cottontail,1,cottontail_snowshoehare,Blank,0.0,0,blank
SSWI000000019819428,Bear,1,bear,Blank,0.0,0,blank
SSWI000000019826358,Bear,1,bear,0,0.3016972243785858,1,bear
SSWI000000019826359,Bear,1,bear,Blank,0.0,0,blank
SSWI000000019828050,Deer,2,deer,3,0.5900965332984924,1,deer
SSWI000000019828068,Deer,2,deer,Blank,0.0,0,blank
SSWI000000019828088,Bear,1,bear,0,0.4422712028026581,1,bear
SSWI000000019828089,Bear,1,bear,Blank,0.0,0,blank
SSWI000000019828090,Bear,1,bear,Blank,0.0,0,blank
SSWI000000019828096,Bear,2,bear,Blank,0.0,0,blank
SSWI000000019828105,Bear,1,bear,0,0.3921222686767578,1,bear
SSWI000000019828130,Bear,1,bear,Blank,0.0,0,blank
SSWI000000019828132,Bear,1,bear,0,0.40721946954727173,1,bear
SSWI000000019828133,Bear,1,bear,Blank,0.0,0,blank
SSWI000000019828134,Bear,1,bear,3,0.44365549087524414,2,deer
SSWI000000019828135,Bear,1,bear,0,0.2725656032562256,2,bear
SSWI000000019828136,Bear,1,bear,3,0.4095137417316437,1,deer
SSWI000000019828148,Bear,1,bear,0,0.45615047216415405,1,bear
SSWI000000019828150,Bear,1,bear,0,0.4111356735229492,1,bear
SSWI000000019828151,Bear,1,bear,Blank,0.0,0,blank
SSWI000000019828152,Bear,1,bear,4,0.3351147174835205,1,elk
SSWI000000019828153,Bear,1,bear,Blank,0.0,0,blank
SSWI000000019828154,Bear,1,bear,0,0.43185126781463623,1,bear
SSWI000000019828156,Bear,1,bear,0,0.529653012752533,1,bear
SSWI000000019828159,Bear,1,bear,Blank,0.0,0,blank
SSWI000000019828237,Deer,1,deer,Blank,0.0,0,blank
SSWI000000019828242,Bear,1,bear,Blank,0.0,0,blank
SSWI000000019840741,Wolf,1,wolf,Blank,0.0,0,blank
SSWI000000019861740,Opossum,1,opossum,Blank,0.0,0,blank
SSWI000000019888442,Deer,4,deer,3,0.5740946531295776,1,deer
SSWI000000019949311,Wolf,1,wolf,Blank,0.0,0,blank
SSWI000000019949325,Coyote,1,coyote,Blank,0.0,0,blank
SSWI000000019949326,Coyote,1,coyote,Blank,0.0,0,blank
SSWI000000019949387,Coyote,1,coyote,Blank,0.0,0,blank
SSWI000000019976446,Bear,1,bear,3,0.4665784537792206,1,deer
SSWI000000020011802,Coyote,1,coyote,2,0.30694591999053955,1,coyote
SSWI000000020078738,Raccoon,1,raccoon,7,0.6401098370552063,1,raccoon
SSWI000000020080122,Turkey,3,turkey,Blank,0.0,0,blank
SSWI000000020094516,Raccoon,1,raccoon,7,0.5749807357788086,1,raccoon
SSWI000000020094574,Deer,1,deer,3,0.4661814868450165,1,deer
SSWI000000020094578,Deer,1,deer,3,0.4460921883583069,1,deer
SSWI000000020095368,Raccoon,1,raccoon,Blank,0.0,0,blank
SSWI000000020130649,Coyote,1,coyote,Blank,0.0,0,blank
SSWI000000020130652,Coyote,1,coyote,Blank,0.0,0,blank
SSWI000000020143548,Elk,7,elk,3,0.34144070744514465,1,deer
SSWI000000020143634,Elk,1,elk,4,0.4408029019832611,1,elk
SSWI000000020143689,Elk,1,elk,4,0.29372256994247437,1,elk
SSWI000000020143692,Elk,2,elk,4,0.6232571005821228,4,elk
SSWI000000020143720,Elk,1,elk,Blank,0.0,0,blank
SSWI000000020143721,Elk,2,elk,Blank,0.0,0,blank
SSWI000000020144994,Coyote,1,coyote,Blank,0.0,0,blank
SSWI000000020145931,Wolf,1,wolf,Blank,0.0,0,blank
SSWI000000020148829,Coyote,1,coyote,Blank,0.0,0,blank
SSWI000000020153056,Bear,1,bear,Blank,0.0,0,blank
SSWI000000020153086,Snowshoe Hare,1,cottontail_snowshoehare,Blank,0.0,0,blank
SSWI000000020153088,Snowshoe Hare,1,cottontail_snowshoehare,Blank,0.0,0,blank
SSWI000000020153089,Snowshoe Hare,1,cottontail_snowshoehare,Blank,0.0,0,blank
SSWI000000020153090,Snowshoe Hare,1,cottontail_snowshoehare,Blank,0.0,0,blank
SSWI000000020153091,Snowshoe Hare,1,cottontail_snowshoehare,Blank,0.0,0,blank
SSWI000000020153092,Snowshoe Hare,1,cottontail_snowshoehare,Blank,0.0,0,blank
SSWI000000020153093,Snowshoe Hare,1,cottontail_snowshoehare,Blank,0.0,0,blank
SSWI000000020153102,Bear,1,bear,Blank,0.0,0,blank
SSWI000000020153112,Snowshoe Hare,1,cottontail_snowshoehare,Blank,0.0,0,blank
SSWI000000020153122,Snowshoe Hare,1,cottontail_snowshoehare,1,0.6281175017356873,1,cottontail_snowshoehare
SSWI000000020153128,Snowshoe Hare,1,cottontail_snowshoehare,Blank,0.0,0,blank
SSWI000000020153137,Snowshoe Hare,1,cottontail_snowshoehare,1,0.26039642095565796,1,cottontail_snowshoehare
SSWI000000020153203,Snowshoe Hare,1,cottontail_snowshoehare,Blank,0.0,0,blank
SSWI000000020153207,Snowshoe Hare,1,cottontail_snowshoehare,1,0.47908973693847656,1,cottontail_snowshoehare
SSWI000000020162377,Deer,1,deer,Blank,0.0,0,blank
SSWI000000020162396,Deer,2,deer,Blank,0.0,0,blank
SSWI000000020162410,Deer,1,deer,Blank,0.0,0,blank
SSWI000000020162453,Deer,1,deer,3,0.5006193518638611,1,deer
SSWI000000020162487,Deer,2,deer,Blank,0.0,0,blank
SSWI000000020162536,Elk,1,elk,Blank,0.0,0,blank
SSWI000000020162584,Deer,1,deer,3,0.3987313210964203,1,deer
SSWI000000020162592,Deer,1,deer,3,0.45605045557022095,1,deer
SSWI000000020162610,Elk,2,elk,3,0.6167061924934387,2,deer
SSWI000000020162614,Elk,1,elk,3,0.5787997245788574,1,deer
SSWI000000020162623,Elk,1,elk,3,0.4950859546661377,1,deer
SSWI000000020162679,Coyote,1,coyote,Blank,0.0,0,blank
SSWI000000020162722,Deer,1,deer,3,0.3050825297832489,1,deer
SSWI000000020162757,Deer,1,deer,Blank,0.0,0,blank
SSWI000000020162769,Deer,1,deer,3,0.3766886591911316,2,deer
SSWI000000020162789,Deer,1,deer,3,0.5150509476661682,1,deer
SSWI000000020162815,Coyote,1,coyote,Blank,0.0,0,blank
SSWI000000020162820,Deer,1,deer,3,0.6304563283920288,1,deer
SSWI000000020162860,Turkey,2,turkey,Blank,0.0,0,blank
SSWI000000020162904,Deer,1,deer,4,0.46308478713035583,1,elk
SSWI000000020162907,Raccoon,1,raccoon,Blank,0.0,0,blank
SSWI000000020162967,Deer,1,deer,3,0.545543372631073,1,deer
SSWI000000020162973,Coyote,1,coyote,Blank,0.0,0,blank
SSWI000000020163117,Deer,1,deer,3,0.2627052664756775,1,deer
SSWI000000020163166,Bear,1,bear,Blank,0.0,0,blank
SSWI000000020163174,Deer,1,deer,3,0.2925182580947876,1,deer
SSWI000000020163258,Deer,1,deer,3,0.5953813195228577,1,deer
SSWI000000020163266,Turkey,1,turkey,Blank,0.0,0,blank
SSWI000000020163268,Deer,1,deer,3,0.31710800528526306,1,deer
SSWI000000020163271,Coyote,1,coyote,Blank,0.0,0,blank
SSWI000000020163396,Bear,1,bear,0,0.2790253162384033,1,bear
SSWI000000020163448,Bear,1,bear,Blank,0.0,0,blank
SSWI000000020163513,Deer,1,deer,3,0.5252469182014465,1,deer
SSWI000000020163517,Coyote,1,coyote,Blank,0.0,0,blank
SSWI000000020163542,Coyote,1,coyote,Blank,0.0,0,blank
SSWI000000020163595,Bear,1,bear,Blank,0.0,0,blank
SSWI000000020163661,Deer,1,deer,3,0.27091026306152344,3,deer
SSWI000000020233876,Cottontail,1,cottontail_snowshoehare,3,0.4606066942214966,1,deer
SSWI000000020246329,Wolf,1,wolf,Blank,0.0,0,blank
SSWI000000020280580,Deer,1,deer,3,0.5786715745925903,1,deer
SSWI000000020280591,Turkey,1,turkey,Blank,0.0,0,blank
SSWI000000020280610,Elk,1,elk,Blank,0.0,0,blank
SSWI000000020280612,Elk,1,elk,4,0.29828929901123047,1,elk
SSWI000000020280619,Deer,1,deer,Blank,0.0,0,blank
SSWI000000020280621,Elk,1,elk,Blank,0.0,0,blank
SSWI000000020280647,Deer,3,deer,Blank,0.0,0,blank
SSWI000000020280667,Elk,1,elk,4,0.25495198369026184,1,elk
SSWI000000020280687,Bear,1,bear,7,0.25440651178359985,1,raccoon
SSWI000000020280704,Deer,1,deer,3,0.36554014682769775,1,deer
SSWI000000020280731,Deer,1,deer,3,0.2547686994075775,1,deer
SSWI000000020280877,Elk,1,elk,4,0.35431158542633057,1,elk
SSWI000000020297608,Deer,1,deer,3,0.3341606855392456,1,deer
SSWI000000020297632,Deer,1,deer,Blank,0.0,0,blank
SSWI000000020297650,Bear,1,bear,Blank,0.0,0,blank
SSWI000000020297651,Bear,1,bear,Blank,0.0,0,blank
SSWI000000020297664,Bear,1,bear,Blank,0.0,0,blank
SSWI000000020297665,Bear,1,bear,Blank,0.0,0,blank
SSWI000000020297688,Bear,1,bear,Blank,0.0,0,blank
SSWI000000020297690,Bear,1,bear,0,0.2657402455806732,1,bear
SSWI000000020297695,Bear,1,bear,Blank,0.0,0,blank
SSWI000000020297698,Bear,1,bear,0,0.34688514471054077,3,bear
SSWI000000020297745,Bear,1,bear,Blank,0.0,0,blank
SSWI000000020297847,Deer,1,deer,Blank,0.0,0,blank
SSWI000000020297856,Bear,1,bear,Blank,0.0,0,blank
SSWI000000020297866,Deer,1,deer,3,0.6665409803390503,2,deer
SSWI000000020297896,Deer,1,deer,Blank,0.0,0,blank
SSWI000000020297910,Deer,1,deer,3,0.4255971312522888,1,deer
SSWI000000020298989,Deer,1,deer,Blank,0.0,0,blank
SSWI000000020299056,Deer,1,deer,Blank,0.0,0,blank
SSWI000000020299129,Deer,1,deer,Blank,0.0,0,blank
SSWI000000020299159,Elk,1,elk,Blank,0.0,0,blank
SSWI000000020299381,Deer,1,deer,3,0.5473561882972717,2,deer
SSWI000000020299447,Deer,1,deer,Blank,0.0,0,blank
SSWI000000020299470,Bear,1,bear,Blank,0.0,0,blank
SSWI000000020299471,Bear,1,bear,Blank,0.0,0,blank
SSWI000000020299910,Turkey,1,turkey,Blank,0.0,0,blank
SSWI000000020299954,Bear,1,bear,Blank,0.0,0,blank
SSWI000000020299955,Bear,1,bear,3,0.6004143357276917,1,deer
SSWI000000020299956,Bear,1,bear,Blank,0.0,0,blank
SSWI000000020299958,Bear,1,bear,Blank,0.0,0,blank
SSWI000000020299970,Bear,1,bear,Blank,0.0,0,blank
SSWI000000020299984,Cottontail,1,cottontail_snowshoehare,Blank,0.0,0,blank
SSWI000000020300022,Cottontail,1,cottontail_snowshoehare,Blank,0.0,0,blank
SSWI000000020300023,Cottontail,1,cottontail_snowshoehare,Blank,0.0,0,blank
SSWI000000020300026,Bear,1,bear,0,0.4256508946418762,1,bear
SSWI000000020300027,Bear,1,bear,0,0.43656763434410095,3,bear
SSWI000000020300028,Bear,1,bear,Blank,0.0,0,blank
SSWI000000020300029,Bear,1,bear,Blank,0.0,0,blank
SSWI000000020300030,Bear,1,bear,Blank,0.0,0,blank
SSWI000000020300036,Bear,1,bear,Blank,0.0,0,blank
SSWI000000020300060,Cottontail,1,cottontail_snowshoehare,Blank,0.0,0,blank
SSWI000000020300262,Bear,1,bear,Blank,0.0,0,blank
SSWI000000020300300,Coyote,1,coyote,3,0.32040172815322876,1,deer
SSWI000000020300301,Bear,1,bear,Blank,0.0,0,blank
SSWI000000020300321,Raccoon,1,raccoon,Blank,0.0,0,blank
SSWI000000020300579,Deer,1,deer,Blank,0.0,0,blank
SSWI000000020300620,Raccoon,1,raccoon,Blank,0.0,0,blank
SSWI000000020300636,Bear,1,bear,0,0.2625182569026947,1,bear
SSWI000000020300637,Bear,1,bear,Blank,0.0,0,blank
SSWI000000020300643,Bear,1,bear,Blank,0.0,0,blank
SSWI000000020300713,Turkey,1,turkey,3,0.267374187707901,1,deer
SSWI000000020300720,Cottontail,1,cottontail_snowshoehare,Blank,0.0,0,blank
SSWI000000020300731,Deer,1,deer,3,0.31464695930480957,1,deer
SSWI000000020300831,Bear,1,bear,3,0.5137168169021606,2,deer
SSWI000000020300860,Cottontail,1,cottontail_snowshoehare,Blank,0.0,0,blank
SSWI000000020300868,Cottontail,1,cottontail_snowshoehare,Blank,0.0,0,blank
SSWI000000020301033,Deer,1,deer,3,0.5191998481750488,1,deer
SSWI000000020301133,Coyote,1,coyote,Blank,0.0,0,blank
SSWI000000020301196,Snowshoe Hare,1,cottontail_snowshoehare,Blank,0.0,0,blank
SSWI000000020301212,Snowshoe Hare,1,cottontail_snowshoehare,Blank,0.0,0,blank
SSWI000000020301226,Deer,1,deer,Blank,0.0,0,blank
SSWI000000020301239,Snowshoe Hare,1,cottontail_snowshoehare,Blank,0.0,0,blank
SSWI000000020301426,Deer,2,deer,3,0.25401073694229126,1,deer
SSWI000000020301498,Snowshoe Hare,1,cottontail_snowshoehare,1,0.6121415495872498,1,cottontail_snowshoehare
SSWI000000020301577,Snowshoe Hare,1,cottontail_snowshoehare,Blank,0.0,0,blank
SSWI000000020301578,Snowshoe Hare,1,cottontail_snowshoehare,Blank,0.0,0,blank
SSWI000000020301590,Snowshoe Hare,1,cottontail_snowshoehare,Blank,0.0,0,blank
SSWI000000020301593,Snowshoe Hare,1,cottontail_snowshoehare,1,0.41801297664642334,1,cottontail_snowshoehare
SSWI000000020301605,Snowshoe Hare,1,cottontail_snowshoehare,1,0.5277156233787537,1,cottontail_snowshoehare
SSWI000000020301631,Snowshoe Hare,1,cottontail_snowshoehare,1,0.3154716491699219,1,cottontail_snowshoehare
SSWI000000020301649,Snowshoe Hare,1,cottontail_snowshoehare,1,0.588832676410675,1,cottontail_snowshoehare
SSWI000000020301656,Snowshoe Hare,1,cottontail_snowshoehare,Blank,0.0,0,blank
SSWI000000020301661,Snowshoe Hare,1,cottontail_snowshoehare,1,0.37298300862312317,1,cottontail_snowshoehare
SSWI000000020301663,Snowshoe Hare,1,cottontail_snowshoehare,Blank,0.0,0,blank
SSWI000000020301668,Snowshoe Hare,1,cottontail_snowshoehare,1,0.6006486415863037,1,cottontail_snowshoehare
SSWI000000020301683,Snowshoe Hare,1,cottontail_snowshoehare,1,0.28736603260040283,1,cottontail_snowshoehare
SSWI000000020301690,Coyote,1,coyote,5,0.3615354001522064,1,foxgray_foxred
SSWI000000020301705,Coyote,1,coyote,Blank,0.0,0,blank
SSWI000000020301709,Snowshoe Hare,1,cottontail_snowshoehare,1,0.5202392339706421,1,cottontail_snowshoehare
SSWI000000020301722,Snowshoe Hare,1,cottontail_snowshoehare,1,0.6320241093635559,1,cottontail_snowshoehare
SSWI000000020301723,Snowshoe Hare,1,cottontail_snowshoehare,1,0.6551619172096252,1,cottontail_snowshoehare
SSWI000000020301727,Snowshoe Hare,1,cottontail_snowshoehare,1,0.2747548520565033,1,cottontail_snowshoehare
SSWI000000020301732,Snowshoe Hare,1,cottontail_snowshoehare,1,0.3417492210865021,1,cottontail_snowshoehare
SSWI000000020301745,Deer,2,deer,Blank,0.0,0,blank
SSWI000000020301886,Snowshoe Hare,1,cottontail_snowshoehare,1,0.6504161953926086,1,cottontail_snowshoehare
SSWI000000020301953,Snowshoe Hare,1,cottontail_snowshoehare,1,0.7156505584716797,1,cottontail_snowshoehare
SSWI000000020301964,Snowshoe Hare,1,cottontail_snowshoehare,1,0.4665728211402893,1,cottontail_snowshoehare
SSWI000000020301976,Snowshoe Hare,1,cottontail_snowshoehare,1,0.5909514427185059,1,cottontail_snowshoehare
SSWI000000020301999,Snowshoe Hare,1,cottontail_snowshoehare,1,0.5800713896751404,1,cottontail_snowshoehare
SSWI000000020302005,Turkey,1,turkey,Blank,0.0,0,blank
SSWI000000020302006,Turkey,1,turkey,Blank,0.0,0,blank
SSWI000000020302015,Snowshoe Hare,1,cottontail_snowshoehare,1,0.4210231900215149,1,cottontail_snowshoehare
SSWI000000020302026,Deer,2,deer,Blank,0.0,0,blank
SSWI000000020302028,Snowshoe Hare,1,cottontail_snowshoehare,1,0.6674857139587402,1,cottontail_snowshoehare
SSWI000000020302079,Snowshoe Hare,1,cottontail_snowshoehare,1,0.3739013075828552,1,cottontail_snowshoehare
SSWI000000020302114,Snowshoe Hare,2,cottontail_snowshoehare,1,0.6547387838363647,2,cottontail_snowshoehare
SSWI000000020302117,Snowshoe Hare,1,cottontail_snowshoehare,Blank,0.0,0,blank
SSWI000000020302120,Snowshoe Hare,1,cottontail_snowshoehare,1,0.5340116024017334,1,cottontail_snowshoehare
SSWI000000020302192,Snowshoe Hare,1,cottontail_snowshoehare,1,0.5955830216407776,1,cottontail_snowshoehare
SSWI000000020302195,Turkey,1,turkey,8,0.2660762071609497,1,turkey
SSWI000000020302217,Snowshoe Hare,1,cottontail_snowshoehare,Blank,0.0,0,blank
SSWI000000020302338,Snowshoe Hare,1,cottontail_snowshoehare,Blank,0.0,0,blank
SSWI000000020312365,Coyote,1,coyote,Blank,0.0,0,blank
SSWI000000020321699,Elk,1,elk,4,0.5935153365135193,1,elk
SSWI000000020321718,Elk,1,elk,4,0.6017960906028748,2,elk
SSWI000000020321803,Elk,1,elk,3,0.25877976417541504,1,deer
SSWI000000020326177,Wolf,1,wolf,5,0.45508864521980286,1,foxgray_foxred
SSWI000000020332962,Wolf,1,wolf,Blank,0.0,0,blank
SSWI000000020332982,Coyote,1,coyote,Blank,0.0,0,blank
SSWI000000020339880,Wolf,1,wolf,Blank,0.0,0,blank
SSWI000000020343934,Wolf,1,wolf,Blank,0.0,0,blank
SSWI000000020344693,Deer,1,deer,Blank,0.0,0,blank
SSWI000000020344706,Deer,1,deer,Blank,0.0,0,blank
SSWI000000020364197,Deer,1,deer,3,0.5664313435554504,1,deer
SSWI000000020364254,Deer,1,deer,3,0.6136797666549683,1,deer
SSWI000000020364286,Deer,2,deer,3,0.43108880519866943,2,deer
SSWI000000020364369,Deer,1,deer,3,0.6698853969573975,1,deer
SSWI000000020364405,Deer,1,deer,Blank,0.0,0,blank
SSWI000000020364429,Deer,1,deer,3,0.584503710269928,1,deer
SSWI000000020364474,Deer,2,deer,3,0.4859437048435211,1,deer
SSWI000000020364568,Deer,1,deer,Blank,0.0,0,blank
SSWI000000020364578,Deer,1,deer,4,0.29104071855545044,1,elk
SSWI000000020364630,Deer,1,deer,Blank,0.0,0,blank
SSWI000000020364673,Deer,1,deer,Blank,0.0,0,blank
SSWI000000020364701,Deer,1,deer,Blank,0.0,0,blank
SSWI000000020364733,Deer,1,deer,3,0.33144545555114746,1,deer
SSWI000000020364796,Deer,1,deer,3,0.3191582262516022,1,deer
SSWI000000020364828,Deer,1,deer,Blank,0.0,0,blank
SSWI000000020364835,Deer,1,deer,Blank,0.0,0,blank
SSWI000000020364874,Deer,1,deer,Blank,0.0,0,blank
SSWI000000020364918,Deer,1,deer,Blank,0.0,0,blank
SSWI000000020364919,Deer,1,deer,Blank,0.0,0,blank
SSWI000000020364935,Deer,1,deer,Blank,0.0,0,blank
SSWI000000020364942,Deer,1,deer,3,0.41329750418663025,1,deer
SSWI000000020364990,Deer,1,deer,Blank,0.0,0,blank
SSWI000000020365030,Deer,2,deer,Blank,0.0,0,blank
SSWI000000020365042,Deer,1,deer,3,0.7294921278953552,1,deer
SSWI000000020365070,Deer,2,deer,Blank,0.0,0,blank
SSWI000000020365096,Deer,1,deer,Blank,0.0,0,blank
SSWI000000020365129,Deer,1,deer,3,0.30050128698349,1,deer
SSWI000000020365186,Deer,1,deer,3,0.3220047950744629,1,deer
SSWI000000020365193,Deer,1,deer,3,0.5957684516906738,1,deer
SSWI000000020365207,Deer,1,deer,Blank,0.0,0,blank
SSWI000000020365264,Deer,3,deer,3,0.2765483558177948,1,deer
SSWI000000020365287,Deer,1,deer,Blank,0.0,0,blank
SSWI000000020365429,Turkey,1,turkey,Blank,0.0,0,blank
SSWI000000020365430,Turkey,2,turkey,8,0.27261868119239807,1,turkey
SSWI000000020365431,Turkey,2,turkey,8,0.33098989725112915,1,turkey
SSWI000000020365432,Turkey,1,turkey,8,0.2526562511920929,1,turkey
SSWI000000020365495,Coyote,3,coyote,2,0.3444199860095978,1,coyote
SSWI000000020365513,Coyote,1,coyote,Blank,0.0,0,blank
SSWI000000020365585,Deer,1,deer,Blank,0.0,0,blank
SSWI000000020365599,Deer,1,deer,Blank,0.0,0,blank
SSWI000000020365643,Deer,1,deer,3,0.26685625314712524,1,deer
SSWI000000020365648,Deer,2,deer,3,0.514191746711731,1,deer
SSWI000000020365722,Deer,2,deer,3,0.5860494375228882,1,deer
SSWI000000020365760,Deer,1,deer,3,0.6568613052368164,1,deer
SSWI000000020365789,Deer,1,deer,3,0.3377813994884491,1,deer
SSWI000000020365824,Deer,1,deer,3,0.687046468257904,1,deer
SSWI000000020365826,Deer,1,deer,3,0.7549174427986145,1,deer
SSWI000000020365832,Deer,1,deer,3,0.7247200012207031,1,deer
SSWI000000020365850,Deer,1,deer,Blank,0.0,0,blank
SSWI000000020365893,Deer,1,deer,3,0.6357378959655762,1,deer
SSWI000000020365903,Deer,1,deer,Blank,0.0,0,blank
SSWI000000020365905,Raccoon,1,raccoon,7,0.650532603263855,1,raccoon
SSWI000000020365917,Deer,2,deer,Blank,0.0,0,blank
SSWI000000020365943,Deer,1,deer,Blank,0.0,0,blank
SSWI000000020366008,Raccoon,1,raccoon,7,0.5786853432655334,1,raccoon
SSWI000000020366023,Deer,1,deer,Blank,0.0,0,blank
SSWI000000020366027,Deer,1,deer,Blank,0.0,0,blank
SSWI000000020366081,Deer,1,deer,3,0.34298545122146606,1,deer
SSWI000000020366099,Turkey,1,turkey,Blank,0.0,0,blank
SSWI000000020366201,Turkey,1,turkey,8,0.32250282168388367,1,turkey
SSWI000000020366241,Deer,2,deer,3,0.6312010288238525,1,deer
SSWI000000020366285,Raccoon,1,raccoon,7,0.5019028782844543,1,raccoon
SSWI000000020366351,Deer,1,deer,3,0.6458338499069214,1,deer
SSWI000000020372018,Elk,1,elk,4,0.6225858330726624,3,elk
SSWI000000020372066,Coyote,1,coyote,Blank,0.0,0,blank
SSWI000000020396025,Bear,1,bear,0,0.3217579126358032,1,bear
SSWI000000020396188,Turkey,1,turkey,Blank,0.0,0,blank
SSWI000000020398034,Coyote,1,coyote,1,0.4503668248653412,1,cottontail_snowshoehare
SSWI000000020398107,Coyote,1,coyote,Blank,0.0,0,blank
SSWI000000020398770,Elk,1,elk,4,0.30343058705329895,2,elk
SSWI000000020421354,Wolf,1,wolf,Blank,0.0,0,blank
SSWI000000020440904,Coyote,1,coyote,Blank,0.0,0,blank
SSWI000000020458968,Elk,1,elk,4,0.42543208599090576,1,elk
SSWI000000020459288,Elk,1,elk,4,0.30215656757354736,1,elk
SSWI000000020467352,Deer,1,deer,4,0.25282636284828186,1,elk
SSWI000000020467458,Coyote,1,coyote,Blank,0.0,0,blank
SSWI000000020467552,Elk,1,elk,Blank,0.0,0,blank
SSWI000000020467575,Elk,1,elk,4,0.4972058832645416,1,elk
SSWI000000020467694,Coyote,1,coyote,Blank,0.0,0,blank
SSWI000000020467760,Cottontail,1,cottontail_snowshoehare,Blank,0.0,0,blank
SSWI000000020467797,Cottontail,1,cottontail_snowshoehare,1,0.357195109128952,1,cottontail_snowshoehare
SSWI000000020467888,Cottontail,1,cottontail_snowshoehare,1,0.4607672393321991,2,cottontail_snowshoehare
SSWI000000020467941,Cottontail,1,cottontail_snowshoehare,1,0.47162407636642456,1,cottontail_snowshoehare
SSWI000000020481080,Deer,1,deer,3,0.49432703852653503,1,deer
SSWI000000020481094,Deer,1,deer,3,0.6284017562866211,1,deer
SSWI000000020481100,Deer,1,deer,3,0.32216599583625793,1,deer
SSWI000000020481128,Deer,2,deer,3,0.7048457264900208,1,deer
SSWI000000020481167,Elk,4,elk,3,0.2865722179412842,1,deer
SSWI000000020481184,Deer,3,deer,3,0.6256720423698425,1,deer
SSWI000000020481199,Deer,4,deer,3,0.5199360847473145,1,deer
SSWI000000020491540,Deer,1,deer,Blank,0.0,0,blank
SSWI000000020491648,Bear,1,bear,Blank,0.0,0,blank
SSWI000000020491677,Deer,3,deer,Blank,0.0,0,blank
SSWI000000020491702,Deer,1,deer,Blank,0.0,0,blank
SSWI000000020495964,Raccoon,1,raccoon,Blank,0.0,0,blank
SSWI000000020501125,Cottontail,1,cottontail_snowshoehare,Blank,0.0,0,blank
SSWI000000020504133,Snowshoe Hare,1,cottontail_snowshoehare,Blank,0.0,0,blank
SSWI000000020504139,Snowshoe Hare,1,cottontail_snowshoehare,1,0.6003513932228088,2,cottontail_snowshoehare
SSWI000000020504150,Snowshoe Hare,1,cottontail_snowshoehare,Blank,0.0,0,blank
SSWI000000020504151,Snowshoe Hare,1,cottontail_snowshoehare,5,0.29873523116111755,1,foxgray_foxred
SSWI000000020504172,Elk,1,elk,3,0.39694085717201233,3,deer
SSWI000000020504222,Deer,1,deer,3,0.3668478727340698,1,deer
SSWI000000020504230,Snowshoe Hare,1,cottontail_snowshoehare,Blank,0.0,0,blank
SSWI000000020504287,Deer,1,deer,Blank,0.0,0,blank
SSWI000000020504330,Snowshoe Hare,1,cottontail_snowshoehare,Blank,0.0,0,blank
SSWI000000020504420,Bear,1,bear,Blank,0.0,0,blank
SSWI000000020504701,Cottontail,1,cottontail_snowshoehare,Blank,0.0,0,blank
SSWI000000020504724,Deer,1,deer,3,0.5395038723945618,1,deer
SSWI000000020504757,Cottontail,1,cottontail_snowshoehare,Blank,0.0,0,blank
SSWI000000020504758,Cottontail,1,cottontail_snowshoehare,1,0.5352365374565125,1,cottontail_snowshoehare
SSWI000000020504764,Deer,1,deer,Blank,0.0,0,blank
SSWI000000020504771,Bear,1,bear,Blank,0.0,0,blank
SSWI000000020506894,Coyote,1,coyote,Blank,0.0,0,blank
SSWI000000020506895,Coyote,2,coyote,Blank,0.0,0,blank
SSWI000000020506896,Coyote,1,coyote,Blank,0.0,0,blank
SSWI000000020506900,Coyote,1,coyote,Blank,0.0,0,blank
SSWI000000020582903,"Fox, Red",1,foxgray_foxred,Blank,0.0,0,blank
SSWI000000020611977,Wolf,1,wolf,Blank,0.0,0,blank
SSWI000000020611986,Wolf,1,wolf,Blank,0.0,0,blank
SSWI000000020612058,Wolf,1,wolf,Blank,0.0,0,blank
SSWI000000020612060,Wolf,2,wolf,3,0.42328453063964844,1,deer
SSWI000000020638091,Raccoon,1,raccoon,0,0.2521284222602844,1,bear
SSWI000000020666548,Turkey,2,turkey,8,0.25376567244529724,1,turkey
SSWI000000020666634,Raccoon,1,raccoon,7,0.6057153940200806,1,raccoon
SSWI000000020669920,Coyote,1,coyote,Blank,0.0,0,blank
SSWI000000020670049,Coyote,2,coyote,2,0.449237585067749,1,coyote
SSWI000000020755458,Turkey,12,turkey,Blank,0.0,0,blank
SSWI000000020804505,Raccoon,1,raccoon,4,0.26993075013160706,1,elk
SSWI000000020889366,Wolf,2,wolf,Blank,0.0,0,blank
SSWI000000020908902,Coyote,1,coyote,Blank,0.0,0,blank
SSWI000000020911191,Wolf,1,wolf,Blank,0.0,0,blank
SSWI000000020912450,"Fox, Red",1,foxgray_foxred,Blank,0.0,0,blank
SSWI000000020912614,Coyote,1,coyote,4,0.6350105404853821,3,elk
SSWI000000020951727,Wolf,1,wolf,Blank,0.0,0,blank
SSWI000000020954568,Coyote,1,coyote,Blank,0.0,0,blank
SSWI000000020961807,Wolf,1,wolf,Blank,0.0,0,blank
SSWI000000020964773,Opossum,1,opossum,Blank,0.0,0,blank
SSWI000000020994471,Coyote,1,coyote,Blank,0.0,0,blank
SSWI000000020995411,Opossum,1,opossum,Blank,0.0,0,blank
SSWI000000021006003,Coyote,1,coyote,Blank,0.0,0,blank
SSWI000000021026828,Coyote,1,coyote,Blank,0.0,0,blank
SSWI000000021026901,Coyote,1,coyote,Blank,0.0,0,blank
SSWI000000021029319,Snowshoe Hare,1,cottontail_snowshoehare,Blank,0.0,0,blank
SSWI000000021088797,Opossum,1,opossum,Blank,0.0,0,blank
SSWI000000021088809,Opossum,1,opossum,Blank,0.0,0,blank
SSWI000000021105951,Coyote,1,coyote,2,0.33676424622535706,1,coyote
SSWI000000021125736,"Fox, Gray",1,foxgray_foxred,Blank,0.0,0,blank
SSWI000000021125738,"Fox, Gray",1,foxgray_foxred,Blank,0.0,0,blank
SSWI000000021125739,"Fox, Gray",1,foxgray_foxred,Blank,0.0,0,blank
SSWI000000021125742,"Fox, Gray",1,foxgray_foxred,Blank,0.0,0,blank
SSWI000000021141797,Raccoon,1,raccoon,Blank,0.0,0,blank
SSWI000000021187119,Wolf,1,wolf,Blank,0.0,0,blank
SSWI000000021189178,Snowshoe Hare,1,cottontail_snowshoehare,Blank,0.0,0,blank
SSWI000000021263480,Raccoon,1,raccoon,3,0.32919374108314514,1,deer
SSWI000000021269107,Turkey,1,turkey,Blank,0.0,0,blank
SSWI000000021289469,Raccoon,1,raccoon,Blank,0.0,0,blank
SSWI000000021289470,Raccoon,1,raccoon,Blank,0.0,0,blank
SSWI000000021291351,Wolf,1,wolf,Blank,0.0,0,blank
SSWI000000021296680,Coyote,1,coyote,Blank,0.0,0,blank
SSWI000000021333358,Coyote,1,coyote,Blank,0.0,0,blank
SSWI000000021357146,Coyote,1,coyote,Blank,0.0,0,blank
SSWI000000021359094,Coyote,1,coyote,Blank,0.0,0,blank
SSWI000000021381644,Opossum,1,opossum,Blank,0.0,0,blank
SSWI000000021395810,Coyote,1,coyote,Blank,0.0,0,blank
SSWI000000021412097,"Fox, Gray",1,foxgray_foxred,Blank,0.0,0,blank
SSWI000000021459207,Raccoon,1,raccoon,7,0.4678662121295929,1,raccoon
SSWI000000021472127,Wolf,1,wolf,0,0.33832359313964844,2,bear
SSWI000000021472129,Wolf,1,wolf,0,0.4269295930862427,1,bear
SSWI000000021475584,Raccoon,1,raccoon,5,0.3467615246772766,1,foxgray_foxred
SSWI000000021477565,Coyote,1,coyote,Blank,0.0,0,blank
SSWI000000021483334,Coyote,1,coyote,Blank,0.0,0,blank
SSWI000000021523968,Coyote,1,coyote,Blank,0.0,0,blank
SSWI000000021661147,Coyote,1,coyote,Blank,0.0,0,blank
SSWI000000021667978,"Fox, Gray",1,foxgray_foxred,Blank,0.0,0,blank
SSWI000000021668004,"Fox, Gray",1,foxgray_foxred,Blank,0.0,0,blank
SSWI000000021668019,"Fox, Gray",1,foxgray_foxred,Blank,0.0,0,blank
SSWI000000021668064,"Fox, Gray",1,foxgray_foxred,3,0.3889963626861572,1,deer
SSWI000000021738694,Coyote,1,coyote,Blank,0.0,0,blank
SSWI000000021752438,Raccoon,1,raccoon,Blank,0.0,0,blank
SSWI000000021761730,Raccoon,1,raccoon,Blank,0.0,0,blank
SSWI000000021774280,Turkey,1,turkey,Blank,0.0,0,blank
SSWI000000021775243,Coyote,1,coyote,3,0.3784661591053009,1,deer
SSWI000000021798447,Raccoon,1,raccoon,0,0.36430442333221436,1,bear
SSWI000000021799251,Raccoon,1,raccoon,Blank,0.0,0,blank
SSWI000000021817222,Coyote,1,coyote,Blank,0.0,0,blank
SSWI000000021817232,Coyote,1,coyote,Blank,0.0,0,blank
SSWI000000021836743,Wolf,1,wolf,Blank,0.0,0,blank
SSWI000000021842900,Bear,1,bear,Blank,0.0,0,blank
SSWI000000021842901,Bear,1,bear,Blank,0.0,0,blank
SSWI000000021842902,Bear,1,bear,Blank,0.0,0,blank
SSWI000000021842903,Bear,1,bear,Blank,0.0,0,blank
SSWI000000021849817,Turkey,1,turkey,Blank,0.0,0,blank
SSWI000000021871606,Deer,2,deer,3,0.6622984409332275,2,deer
SSWI000000021871757,Turkey,2,turkey,8,0.3253367841243744,1,turkey
SSWI000000021871855,Turkey,3,turkey,Blank,0.0,0,blank
SSWI000000021871927,Raccoon,1,raccoon,Blank,0.0,0,blank
SSWI000000021876886,Turkey,1,turkey,8,0.40040042996406555,1,turkey
SSWI000000021896421,Opossum,2,opossum,Blank,0.0,0,blank
SSWI000000021927444,Raccoon,1,raccoon,Blank,0.0,0,blank
SSWI000000021929222,Raccoon,1,raccoon,7,0.698743999004364,1,raccoon
SSWI000000021936656,Cottontail,1,cottontail_snowshoehare,Blank,0.0,0,blank
SSWI000000021948072,"Fox, Red",1,foxgray_foxred,Blank,0.0,0,blank
SSWI000000021955946,Wolf,1,wolf,Blank,0.0,0,blank
SSWI000000021968568,Raccoon,1,raccoon,Blank,0.0,0,blank
SSWI000000021968627,Raccoon,1,raccoon,7,0.2690821588039398,1,raccoon
SSWI000000022115248,Raccoon,2,raccoon,Blank,0.0,0,blank
SSWI000000022139520,Coyote,1,coyote,Blank,0.0,0,blank
SSWI000000022151861,Bear,2,bear,Blank,0.0,0,blank
SSWI000000022163625,"Fox, Gray",1,foxgray_foxred,Blank,0.0,0,blank
SSWI000000022174762,"Fox, Gray",1,foxgray_foxred,Blank,0.0,0,blank
SSWI000000022174815,"Fox, Gray",1,foxgray_foxred,Blank,0.0,0,blank
SSWI000000022179110,Coyote,1,coyote,Blank,0.0,0,blank
SSWI000000022189277,Coyote,1,coyote,3,0.47989457845687866,1,deer
SSWI000000022204548,Wolf,3,wolf,3,0.25719931721687317,1,deer
SSWI000000022209809,Raccoon,1,raccoon,Blank,0.0,0,blank
SSWI000000022210005,"Fox, Red",1,foxgray_foxred,3,0.3865014314651489,1,deer
SSWI000000022210008,"Fox, Red",1,foxgray_foxred,Blank,0.0,0,blank
SSWI000000022301469,Raccoon,1,raccoon,7,0.43338117003440857,1,raccoon
SSWI000000022416497,Deer,1,deer,3,0.6140053272247314,1,deer
SSWI000000022432102,Raccoon,1,raccoon,7,0.5108184218406677,1,raccoon
SSWI000000022455349,"Fox, Gray",1,foxgray_foxred,Blank,0.0,0,blank
SSWI000000022458242,Wolf,1,wolf,Blank,0.0,0,blank
SSWI000000022581705,Cottontail,1,cottontail_snowshoehare,Blank,0.0,0,blank
SSWI000000022630156,Raccoon,1,raccoon,7,0.5922453999519348,1,raccoon
SSWI000000022770459,Raccoon,1,raccoon,3,0.3502196967601776,1,deer
SSWI000000022805387,Raccoon,1,raccoon,Blank,0.0,0,blank
SSWI000000022808504,Opossum,1,opossum,Blank,0.0,0,blank
SSWI000000022809267,Opossum,1,opossum,Blank,0.0,0,blank
SSWI000000022889860,Coyote,1,coyote,3,0.6843255162239075,1,deer
SSWI000000022957335,Coyote,1,coyote,Blank,0.0,0,blank
SSWI000000023002499,Wolf,1,wolf,Blank,0.0,0,blank
SSWI000000023024856,Wolf,1,wolf,3,0.2706827223300934,1,deer
SSWI000000023047693,Snowshoe Hare,1,cottontail_snowshoehare,Blank,0.0,0,blank
SSWI000000023059055,Wolf,1,wolf,Blank,0.0,0,blank
SSWI000000023066589,Wolf,1,wolf,Blank,0.0,0,blank
SSWI000000023094715,Coyote,1,coyote,Blank,0.0,0,blank
SSWI000000023145635,"Fox, Gray",1,foxgray_foxred,Blank,0.0,0,blank
SSWI000000023160371,Raccoon,1,raccoon,7,0.27321794629096985,1,raccoon
SSWI000000023210151,Wolf,1,wolf,Blank,0.0,0,blank
SSWI000000023278783,Turkey,1,turkey,Blank,0.0,0,blank
SSWI000000023285022,Deer,2,deer,3,0.5629730820655823,2,deer
SSWI000000023338075,"Fox, Gray",1,foxgray_foxred,Blank,0.0,0,blank
SSWI000000023338091,"Fox, Gray",1,foxgray_foxred,Blank,0.0,0,blank
SSWI000000023338092,"Fox, Gray",2,foxgray_foxred,Blank,0.0,0,blank
SSWI000000023366527,Coyote,1,coyote,3,0.29208269715309143,1,deer
SSWI000000023410387,Raccoon,1,raccoon,7,0.511150062084198,1,raccoon
SSWI000000023410483,"Fox, Red",1,foxgray_foxred,5,0.5589821934700012,1,foxgray_foxred
SSWI000000023411688,Turkey,2,turkey,Blank,0.0,0,blank
SSWI000000023455588,Raccoon,1,raccoon,Blank,0.0,0,blank
SSWI000000023457222,Coyote,1,coyote,Blank,0.0,0,blank
SSWI000000023457284,Coyote,1,coyote,5,0.2975911796092987,1,foxgray_foxred
SSWI000000023457292,Coyote,1,coyote,2,0.31176555156707764,1,coyote
SSWI000000023457297,Coyote,1,coyote,5,0.28039175271987915,1,foxgray_foxred
SSWI000000023457299,Coyote,1,coyote,Blank,0.0,0,blank
SSWI000000023457309,Coyote,1,coyote,7,0.40007665753364563,1,raccoon
SSWI000000023457310,Coyote,1,coyote,Blank,0.0,0,blank
SSWI000000023457314,Coyote,1,coyote,5,0.39190375804901123,0,foxgray_foxred
SSWI000000023457319,Coyote,1,coyote,Blank,0.0,0,blank
SSWI000000023494506,"Fox, Gray",1,foxgray_foxred,Blank,0.0,0,blank
SSWI000000023514111,"Fox, Red",1,foxgray_foxred,Blank,0.0,0,blank
SSWI000000023514155,"Fox, Red",1,foxgray_foxred,Blank,0.0,0,blank
